name,source_item,source
Accountant,,dariusk/corpora occupations
Actor,,dariusk/corpora occupations
Actuary,,dariusk/corpora occupations
Adhesive Bonding Machine Tender,,dariusk/corpora occupations
Adjudicator,,dariusk/corpora occupations
Administrative Assistant,,dariusk/corpora occupations
Administrative Services Manager,,dariusk/corpora occupations
Adult Education Teacher,,dariusk/corpora occupations
Advertising Manager,,dariusk/corpora occupations
Advertising Sales Agent,,dariusk/corpora occupations
Aerobics Instructor,,dariusk/corpora occupations
Aerospace Engineer,,dariusk/corpora occupations
Aerospace Engineering Technician,,dariusk/corpora occupations
Agent,,dariusk/corpora occupations
Agricultural Engineer,,dariusk/corpora occupations
Agricultural Equipment Operator,,dariusk/corpora occupations
Agricultural Grader,,dariusk/corpora occupations
Agricultural Inspector,,dariusk/corpora occupations
Agricultural Manager,,dariusk/corpora occupations
Agricultural Sciences Teacher,,dariusk/corpora occupations
Agricultural Sorter,,dariusk/corpora occupations
Agricultural Technician,,dariusk/corpora occupations
Agricultural Worker,,dariusk/corpora occupations
Air Conditioning Installer,,dariusk/corpora occupations
Air Conditioning Mechanic,,dariusk/corpora occupations
Air Traffic Controller,,dariusk/corpora occupations
Aircraft Cargo Handling Supervisor,,dariusk/corpora occupations
Aircraft Mechanic,,dariusk/corpora occupations
Aircraft Service Technician,,dariusk/corpora occupations
Airline Copilot,,dariusk/corpora occupations
Airline Pilot,,dariusk/corpora occupations
Ambulance Dispatcher,,dariusk/corpora occupations
Ambulance Driver,,dariusk/corpora occupations
Amusement Machine Servicer,,dariusk/corpora occupations
Anesthesiologist,,dariusk/corpora occupations
Animal Breeder,,dariusk/corpora occupations
Animal Control Worker,,dariusk/corpora occupations
Animal Scientist,,dariusk/corpora occupations
Animal Trainer,,dariusk/corpora occupations
Animator,,dariusk/corpora occupations
Answering Service Operator,,dariusk/corpora occupations
Anthropologist,,dariusk/corpora occupations
Apparel Patternmaker,,dariusk/corpora occupations
Apparel Worker,,dariusk/corpora occupations
Arbitrator,,dariusk/corpora occupations
Archeologist,,dariusk/corpora occupations
Architect,,dariusk/corpora occupations
Architectural Drafter,,dariusk/corpora occupations
Architectural Manager,,dariusk/corpora occupations
Archivist,,dariusk/corpora occupations
Art Director,,dariusk/corpora occupations
Art Teacher,,dariusk/corpora occupations
Artist,,dariusk/corpora occupations
Assembler,,dariusk/corpora occupations
Astronomer,,dariusk/corpora occupations
Athlete,,dariusk/corpora occupations
Athletic Trainer,,dariusk/corpora occupations
Atm Machine Repairer,,dariusk/corpora occupations
Atmospheric Scientist,,dariusk/corpora occupations
Attendant,,dariusk/corpora occupations
Audio And Video Equipment Technician,,dariusk/corpora occupations
Audio-Visual And Multimedia Collections Specialist,,dariusk/corpora occupations
Audiologist,,dariusk/corpora occupations
Auditor,,dariusk/corpora occupations
Author,,dariusk/corpora occupations
Auto Damage Insurance Appraiser,,dariusk/corpora occupations
Automotive And Watercraft Service Attendant,,dariusk/corpora occupations
Automotive Glass Installer,,dariusk/corpora occupations
Automotive Mechanic,,dariusk/corpora occupations
Avionics Technician,,dariusk/corpora occupations
Back-End Developer,,dariusk/corpora occupations
Baggage Porter,,dariusk/corpora occupations
Bailiff,,dariusk/corpora occupations
Baker,,dariusk/corpora occupations
Barback,,dariusk/corpora occupations
Barber,,dariusk/corpora occupations
Bartender,,dariusk/corpora occupations
Basic Education Teacher,,dariusk/corpora occupations
Behavioral Disorder Counselor,,dariusk/corpora occupations
Bellhop,,dariusk/corpora occupations
Bench Carpenter,,dariusk/corpora occupations
Bicycle Repairer,,dariusk/corpora occupations
Bill And Account Collector,,dariusk/corpora occupations
Billing And Posting Clerk,,dariusk/corpora occupations
Biochemist,,dariusk/corpora occupations
Biological Technician,,dariusk/corpora occupations
Biomedical Engineer,,dariusk/corpora occupations
Biophysicist,,dariusk/corpora occupations
Blaster,,dariusk/corpora occupations
Blending Machine Operator,,dariusk/corpora occupations
Blockmason,,dariusk/corpora occupations
Boiler Operator,,dariusk/corpora occupations
Boilermaker,,dariusk/corpora occupations
Bookkeeper,,dariusk/corpora occupations
Boring Machine Tool Tender,,dariusk/corpora occupations
Brazer,,dariusk/corpora occupations
Brickmason,,dariusk/corpora occupations
Bridge And Lock Tender,,dariusk/corpora occupations
Broadcast News Analyst,,dariusk/corpora occupations
Broadcast Technician,,dariusk/corpora occupations
Brokerage Clerk,,dariusk/corpora occupations
Budget Analyst,,dariusk/corpora occupations
Building Inspector,,dariusk/corpora occupations
Bus Mechanic,,dariusk/corpora occupations
Butcher,,dariusk/corpora occupations
Buyer,,dariusk/corpora occupations
Cabinetmaker,,dariusk/corpora occupations
Cafeteria Attendant,,dariusk/corpora occupations
Cafeteria Cook,,dariusk/corpora occupations
Camera Operator,,dariusk/corpora occupations
Camera Repairer,,dariusk/corpora occupations
Cardiovascular Technician,,dariusk/corpora occupations
Cargo Agent,,dariusk/corpora occupations
Carpenter,,dariusk/corpora occupations
Carpet Installer,,dariusk/corpora occupations
Cartographer,,dariusk/corpora occupations
Cashier,,dariusk/corpora occupations
Caster,,dariusk/corpora occupations
Ceiling Tile Installer,,dariusk/corpora occupations
Cellular Equipment Installer,,dariusk/corpora occupations
Cement Mason,,dariusk/corpora occupations
Channeling Machine Operator,,dariusk/corpora occupations
Chauffeur,,dariusk/corpora occupations
Checker,,dariusk/corpora occupations
Chef,,dariusk/corpora occupations
Chemical Engineer,,dariusk/corpora occupations
Chemical Plant Operator,,dariusk/corpora occupations
Chemist,,dariusk/corpora occupations
Chemistry Teacher,,dariusk/corpora occupations
Chief Executive,,dariusk/corpora occupations
Child Social Worker,,dariusk/corpora occupations
Childcare Worker,,dariusk/corpora occupations
Chiropractor,,dariusk/corpora occupations
Choreographer,,dariusk/corpora occupations
Civil Drafter,,dariusk/corpora occupations
Civil Engineer,,dariusk/corpora occupations
Civil Engineering Technician,,dariusk/corpora occupations
Claims Adjuster,,dariusk/corpora occupations
Claims Examiner,,dariusk/corpora occupations
Claims Investigator,,dariusk/corpora occupations
Cleaner,,dariusk/corpora occupations
Clinical Laboratory Technician,,dariusk/corpora occupations
Clinical Laboratory Technologist,,dariusk/corpora occupations
Clinical Psychologist,,dariusk/corpora occupations
Coating Worker,,dariusk/corpora occupations
Coatroom Attendant,,dariusk/corpora occupations
Coil Finisher,,dariusk/corpora occupations
Coil Taper,,dariusk/corpora occupations
Coil Winder,,dariusk/corpora occupations
Coin Machine Servicer,,dariusk/corpora occupations
Commercial Diver,,dariusk/corpora occupations
Commercial Pilot,,dariusk/corpora occupations
Commodities Sales Agent,,dariusk/corpora occupations
Communications Equipment Operator,,dariusk/corpora occupations
Communications Teacher,,dariusk/corpora occupations
Community Association Manager,,dariusk/corpora occupations
Community Service Manager,,dariusk/corpora occupations
Compensation And Benefits Manager,,dariusk/corpora occupations
Compliance Officer,,dariusk/corpora occupations
Composer,,dariusk/corpora occupations
Computer Hardware Engineer,,dariusk/corpora occupations
Computer Network Architect,,dariusk/corpora occupations
Computer Operator,,dariusk/corpora occupations
Computer Programmer,,dariusk/corpora occupations
Computer Science Teacher,,dariusk/corpora occupations
Computer Support Specialist,,dariusk/corpora occupations
Computer Systems Administrator,,dariusk/corpora occupations
Computer Systems Analyst,,dariusk/corpora occupations
Concierge,,dariusk/corpora occupations
Conciliator,,dariusk/corpora occupations
Concrete Finisher,,dariusk/corpora occupations
Conservation Science Teacher,,dariusk/corpora occupations
Conservation Scientist,,dariusk/corpora occupations
Conservation Worker,,dariusk/corpora occupations
Conservator,,dariusk/corpora occupations
Construction Inspector,,dariusk/corpora occupations
Construction Manager,,dariusk/corpora occupations
Construction Painter,,dariusk/corpora occupations
Construction Worker,,dariusk/corpora occupations
Continuous Mining Machine Operator,,dariusk/corpora occupations
Convention Planner,,dariusk/corpora occupations
Conveyor Operator,,dariusk/corpora occupations
Cook,,dariusk/corpora occupations
Cooling Equipment Operator,,dariusk/corpora occupations
Copy Marker,,dariusk/corpora occupations
Correctional Officer,,dariusk/corpora occupations
Correctional Treatment Specialist,,dariusk/corpora occupations
Correspondence Clerk,,dariusk/corpora occupations
Correspondent,,dariusk/corpora occupations
Cosmetologist,,dariusk/corpora occupations
Cost Estimator,,dariusk/corpora occupations
Costume Attendant,,dariusk/corpora occupations
Counseling Psychologist,,dariusk/corpora occupations
Counselor,,dariusk/corpora occupations
Courier,,dariusk/corpora occupations
Court Reporter,,dariusk/corpora occupations
Craft Artist,,dariusk/corpora occupations
Crane Operator,,dariusk/corpora occupations
Credit Analyst,,dariusk/corpora occupations
Credit Checker,,dariusk/corpora occupations
Credit Counselor,,dariusk/corpora occupations
Criminal Investigator,,dariusk/corpora occupations
Criminal Justice Teacher,,dariusk/corpora occupations
Crossing Guard,,dariusk/corpora occupations
Curator,,dariusk/corpora occupations
Custom Sewer,,dariusk/corpora occupations
Customer Service Representative,,dariusk/corpora occupations
Cutter,,dariusk/corpora occupations
Cutting Machine Operator,,dariusk/corpora occupations
Dancer,,dariusk/corpora occupations
Data Entry Keyer,,dariusk/corpora occupations
Database Administrator,,dariusk/corpora occupations
Decorating Worker,,dariusk/corpora occupations
Delivery Services Driver,,dariusk/corpora occupations
Demonstrator,,dariusk/corpora occupations
Dental Assistant,,dariusk/corpora occupations
Dental Hygienist,,dariusk/corpora occupations
Dental Laboratory Technician,,dariusk/corpora occupations
Dentist,,dariusk/corpora occupations
Dermatologist,,dariusk/corpora occupations
Derrick Operator,,dariusk/corpora occupations
Designer,,dariusk/corpora occupations
Desktop Publisher,,dariusk/corpora occupations
Detective,,dariusk/corpora occupations
Developer,,dariusk/corpora occupations
Diagnostic Medical Sonographer,,dariusk/corpora occupations
Die Maker,,dariusk/corpora occupations
Diesel Engine Specialist,,dariusk/corpora occupations
Dietetic Technician,,dariusk/corpora occupations
Dietitian,,dariusk/corpora occupations
Dinkey Operator,,dariusk/corpora occupations
Director,,dariusk/corpora occupations
Dishwasher,,dariusk/corpora occupations
Dispatcher,,dariusk/corpora occupations
Dj,,dariusk/corpora occupations
Doctor,,dariusk/corpora occupations
Door-To-Door Sales Worker,,dariusk/corpora occupations
Drafter,,dariusk/corpora occupations
Dragline Operator,,dariusk/corpora occupations
Drama Teacher,,dariusk/corpora occupations
Dredge Operator,,dariusk/corpora occupations
Dressing Room Attendant,,dariusk/corpora occupations
Dressmaker,,dariusk/corpora occupations
Drier Operator,,dariusk/corpora occupations
Drilling Machine Tool Operator,,dariusk/corpora occupations
Dry-Cleaning Worker,,dariusk/corpora occupations
Drywall Installer,,dariusk/corpora occupations
Dyeing Machine Operator,,dariusk/corpora occupations
Earth Driller,,dariusk/corpora occupations
Economics Teacher,,dariusk/corpora occupations
Economist,,dariusk/corpora occupations
Editor,,dariusk/corpora occupations
Education Administrator,,dariusk/corpora occupations
Electric Motor Repairer,,dariusk/corpora occupations
Electrical Electronics Drafter,,dariusk/corpora occupations
Electrical Engineer,,dariusk/corpora occupations
Electrical Equipment Assembler,,dariusk/corpora occupations
Electrical Installer,,dariusk/corpora occupations
Electrical Power-Line Installer,,dariusk/corpora occupations
Electrician,,dariusk/corpora occupations
Electro-Mechanical Technician,,dariusk/corpora occupations
Elementary School Teacher,,dariusk/corpora occupations
Elevator Installer,,dariusk/corpora occupations
Elevator Repairer,,dariusk/corpora occupations
Embalmer,,dariusk/corpora occupations
Emergency Management Director,,dariusk/corpora occupations
Emergency Medical Technician,,dariusk/corpora occupations
Engine Assembler,,dariusk/corpora occupations
Engineer,,dariusk/corpora occupations
Engineering Manager,,dariusk/corpora occupations
Engineering Teacher,,dariusk/corpora occupations
English Language Teacher,,dariusk/corpora occupations
Engraver,,dariusk/corpora occupations
Entertainment Attendant,,dariusk/corpora occupations
Environmental Engineer,,dariusk/corpora occupations
Environmental Science Teacher,,dariusk/corpora occupations
Environmental Scientist,,dariusk/corpora occupations
Epidemiologist,,dariusk/corpora occupations
Escort,,dariusk/corpora occupations
Etcher,,dariusk/corpora occupations
Event Planner,,dariusk/corpora occupations
Excavating Operator,,dariusk/corpora occupations
Executive Administrative Assistant,,dariusk/corpora occupations
Executive Secretary,,dariusk/corpora occupations
Exhibit Designer,,dariusk/corpora occupations
Expediting Clerk,,dariusk/corpora occupations
Explosives Worker,,dariusk/corpora occupations
Extraction Worker,,dariusk/corpora occupations
Fabric Mender,,dariusk/corpora occupations
Fabric Patternmaker,,dariusk/corpora occupations
Fabricator,,dariusk/corpora occupations
Faller,,dariusk/corpora occupations
Family Practitioner,,dariusk/corpora occupations
Family Social Worker,,dariusk/corpora occupations
Family Therapist,,dariusk/corpora occupations
Farm Advisor,,dariusk/corpora occupations
Farm Equipment Mechanic,,dariusk/corpora occupations
Farm Labor Contractor,,dariusk/corpora occupations
Farmer,,dariusk/corpora occupations
Farmworker,,dariusk/corpora occupations
Fashion Designer,,dariusk/corpora occupations
Fast Food Cook,,dariusk/corpora occupations
Fence Erector,,dariusk/corpora occupations
Fiberglass Fabricator,,dariusk/corpora occupations
Fiberglass Laminator,,dariusk/corpora occupations
File Clerk,,dariusk/corpora occupations
Filling Machine Operator,,dariusk/corpora occupations
Film And Video Editor,,dariusk/corpora occupations
Financial Analyst,,dariusk/corpora occupations
Financial Examiner,,dariusk/corpora occupations
Financial Manager,,dariusk/corpora occupations
Financial Services Sales Agent,,dariusk/corpora occupations
Fine Artist,,dariusk/corpora occupations
Fire Alarm System Installer,,dariusk/corpora occupations
Fire Dispatcher,,dariusk/corpora occupations
Fire Inspector,,dariusk/corpora occupations
Fire Investigator,,dariusk/corpora occupations
Firefighter,,dariusk/corpora occupations
Fish And Game Warden,,dariusk/corpora occupations
Fish Cutter,,dariusk/corpora occupations
Fish Trimmer,,dariusk/corpora occupations
Fisher,,dariusk/corpora occupations
Fitness Studies Teacher,,dariusk/corpora occupations
Fitness Trainer,,dariusk/corpora occupations
Flight Attendant,,dariusk/corpora occupations
Floor Finisher,,dariusk/corpora occupations
Floor Layer,,dariusk/corpora occupations
Floor Sander,,dariusk/corpora occupations
Floral Designer,,dariusk/corpora occupations
Food Batchmaker,,dariusk/corpora occupations
Food Cooking Machine Operator,,dariusk/corpora occupations
Food Preparation Worker,,dariusk/corpora occupations
Food Science Technician,,dariusk/corpora occupations
Food Scientist,,dariusk/corpora occupations
Food Server,,dariusk/corpora occupations
Food Service Manager,,dariusk/corpora occupations
Food Technologist,,dariusk/corpora occupations
Foreign Language Teacher,,dariusk/corpora occupations
Foreign Literature Teacher,,dariusk/corpora occupations
Forensic Science Technician,,dariusk/corpora occupations
Forest Fire Inspector,,dariusk/corpora occupations
Forest Fire Prevention Specialist,,dariusk/corpora occupations
Forest Worker,,dariusk/corpora occupations
Forester,,dariusk/corpora occupations
Forestry Teacher,,dariusk/corpora occupations
Forging Machine Setter,,dariusk/corpora occupations
Foundry Coremaker,,dariusk/corpora occupations
Freight Agent,,dariusk/corpora occupations
Freight Mover,,dariusk/corpora occupations
Front-End Developer,,dariusk/corpora occupations
Fundraising Manager,,dariusk/corpora occupations
Funeral Attendant,,dariusk/corpora occupations
Funeral Director,,dariusk/corpora occupations
Funeral Service Manager,,dariusk/corpora occupations
Furnace Operator,,dariusk/corpora occupations
Furnishings Worker,,dariusk/corpora occupations
Furniture Finisher,,dariusk/corpora occupations
Gaming Booth Cashier,,dariusk/corpora occupations
Gaming Cage Worker,,dariusk/corpora occupations
Gaming Change Person,,dariusk/corpora occupations
Gaming Dealer,,dariusk/corpora occupations
Gaming Investigator,,dariusk/corpora occupations
Gaming Manager,,dariusk/corpora occupations
Gaming Surveillance Officer,,dariusk/corpora occupations
Garment Mender,,dariusk/corpora occupations
Garment Presser,,dariusk/corpora occupations
Gas Compressor,,dariusk/corpora occupations
Gas Plant Operator,,dariusk/corpora occupations
Gas Pumping Station Operator,,dariusk/corpora occupations
General Manager,,dariusk/corpora occupations
General Practitioner,,dariusk/corpora occupations
Geographer,,dariusk/corpora occupations
Geography Teacher,,dariusk/corpora occupations
Geological Engineer,,dariusk/corpora occupations
Geological Technician,,dariusk/corpora occupations
Geoscientist,,dariusk/corpora occupations
Glazier,,dariusk/corpora occupations
Government Program Eligibility Interviewer,,dariusk/corpora occupations
Graduate Teaching Assistant,,dariusk/corpora occupations
Graphic Designer,,dariusk/corpora occupations
Groundskeeper,,dariusk/corpora occupations
Groundskeeping Worker,,dariusk/corpora occupations
Gynecologist,,dariusk/corpora occupations
Hairdresser,,dariusk/corpora occupations
Hairstylist,,dariusk/corpora occupations
Hand Grinding Worker,,dariusk/corpora occupations
Hand Laborer,,dariusk/corpora occupations
Hand Packager,,dariusk/corpora occupations
Hand Packer,,dariusk/corpora occupations
Hand Polishing Worker,,dariusk/corpora occupations
Hand Sewer,,dariusk/corpora occupations
Hazardous Materials Removal Worker,,dariusk/corpora occupations
Head Cook,,dariusk/corpora occupations
Health And Safety Engineer,,dariusk/corpora occupations
Health Educator,,dariusk/corpora occupations
Health Information Technician,,dariusk/corpora occupations
Health Services Manager,,dariusk/corpora occupations
Health Specialties Teacher,,dariusk/corpora occupations
Healthcare Social Worker,,dariusk/corpora occupations
Hearing Officer,,dariusk/corpora occupations
Heat Treating Equipment Setter,,dariusk/corpora occupations
Heating Installer,,dariusk/corpora occupations
Heating Mechanic,,dariusk/corpora occupations
Heavy Truck Driver,,dariusk/corpora occupations
Highway Maintenance Worker,,dariusk/corpora occupations
Historian,,dariusk/corpora occupations
History Teacher,,dariusk/corpora occupations
Hoist And Winch Operator,,dariusk/corpora occupations
Home Appliance Repairer,,dariusk/corpora occupations
Home Economics Teacher,,dariusk/corpora occupations
Home Entertainment Installer,,dariusk/corpora occupations
Home Health Aide,,dariusk/corpora occupations
Home Management Advisor,,dariusk/corpora occupations
Host,,dariusk/corpora occupations
Hostess,,dariusk/corpora occupations
Hostler,,dariusk/corpora occupations
Hotel Desk Clerk,,dariusk/corpora occupations
Housekeeping Cleaner,,dariusk/corpora occupations
Human Resources Assistant,,dariusk/corpora occupations
Human Resources Manager,,dariusk/corpora occupations
Human Service Assistant,,dariusk/corpora occupations
Hunter,,dariusk/corpora occupations
Hydrologist,,dariusk/corpora occupations
Illustrator,,dariusk/corpora occupations
Industrial Designer,,dariusk/corpora occupations
Industrial Engineer,,dariusk/corpora occupations
Industrial Engineering Technician,,dariusk/corpora occupations
Industrial Machinery Mechanic,,dariusk/corpora occupations
Industrial Production Manager,,dariusk/corpora occupations
Industrial Truck Operator,,dariusk/corpora occupations
Industrial-Organizational Psychologist,,dariusk/corpora occupations
Information Clerk,,dariusk/corpora occupations
Information Research Scientist,,dariusk/corpora occupations
Information Security Analyst,,dariusk/corpora occupations
Information Systems Manager,,dariusk/corpora occupations
Inspector,,dariusk/corpora occupations
Instructional Coordinator,,dariusk/corpora occupations
Instructor,,dariusk/corpora occupations
Insulation Worker,,dariusk/corpora occupations
Insurance Claims Clerk,,dariusk/corpora occupations
Insurance Sales Agent,,dariusk/corpora occupations
Insurance Underwriter,,dariusk/corpora occupations
Intercity Bus Driver,,dariusk/corpora occupations
Interior Designer,,dariusk/corpora occupations
Internist,,dariusk/corpora occupations
Interpreter,,dariusk/corpora occupations
Interviewer,,dariusk/corpora occupations
Investigator,,dariusk/corpora occupations
Jailer,,dariusk/corpora occupations
Janitor,,dariusk/corpora occupations
Jeweler,,dariusk/corpora occupations
Judge,,dariusk/corpora occupations
Judicial Law Clerk,,dariusk/corpora occupations
Kettle Operator,,dariusk/corpora occupations
Kiln Operator,,dariusk/corpora occupations
Kindergarten Teacher,,dariusk/corpora occupations
Laboratory Animal Caretaker,,dariusk/corpora occupations
Landscape Architect,,dariusk/corpora occupations
Landscaping Worker,,dariusk/corpora occupations
Lathe Setter,,dariusk/corpora occupations
Laundry Worker,,dariusk/corpora occupations
Law Enforcement Teacher,,dariusk/corpora occupations
Law Teacher,,dariusk/corpora occupations
Lawyer,,dariusk/corpora occupations
Layout Worker,,dariusk/corpora occupations
Leather Worker,,dariusk/corpora occupations
Legal Assistant,,dariusk/corpora occupations
Legal Secretary,,dariusk/corpora occupations
Legislator,,dariusk/corpora occupations
Librarian,,dariusk/corpora occupations
Library Assistant,,dariusk/corpora occupations
Library Science Teacher,,dariusk/corpora occupations
Library Technician,,dariusk/corpora occupations
Licensed Practical Nurse,,dariusk/corpora occupations
Licensed Vocational Nurse,,dariusk/corpora occupations
Life Scientist,,dariusk/corpora occupations
Lifeguard,,dariusk/corpora occupations
Light Truck Driver,,dariusk/corpora occupations
Line Installer,,dariusk/corpora occupations
Literacy Teacher,,dariusk/corpora occupations
Literature Teacher,,dariusk/corpora occupations
Loading Machine Operator,,dariusk/corpora occupations
Loan Clerk,,dariusk/corpora occupations
Loan Interviewer,,dariusk/corpora occupations
Loan Officer,,dariusk/corpora occupations
Lobby Attendant,,dariusk/corpora occupations
Locker Room Attendant,,dariusk/corpora occupations
Locksmith,,dariusk/corpora occupations
Locomotive Engineer,,dariusk/corpora occupations
Locomotive Firer,,dariusk/corpora occupations
Lodging Manager,,dariusk/corpora occupations
Log Grader,,dariusk/corpora occupations
Logging Equipment Operator,,dariusk/corpora occupations
Logistician,,dariusk/corpora occupations
Machine Feeder,,dariusk/corpora occupations
Machinist,,dariusk/corpora occupations
Magistrate Judge,,dariusk/corpora occupations
Magistrate,,dariusk/corpora occupations
Maid,,dariusk/corpora occupations
Mail Clerk,,dariusk/corpora occupations
Mail Machine Operator,,dariusk/corpora occupations
Mail Superintendent,,dariusk/corpora occupations
Maintenance Painter,,dariusk/corpora occupations
Maintenance Worker,,dariusk/corpora occupations
Makeup Artist,,dariusk/corpora occupations
Management Analyst,,dariusk/corpora occupations
Manicurist,,dariusk/corpora occupations
Manufactured Building Installer,,dariusk/corpora occupations
Mapping Technician,,dariusk/corpora occupations
Marble Setter,,dariusk/corpora occupations
Marine Engineer,,dariusk/corpora occupations
Marine Oiler,,dariusk/corpora occupations
Market Research Analyst,,dariusk/corpora occupations
Marketing Manager,,dariusk/corpora occupations
Marketing Specialist,,dariusk/corpora occupations
Marriage Therapist,,dariusk/corpora occupations
Massage Therapist,,dariusk/corpora occupations
Material Mover,,dariusk/corpora occupations
Materials Engineer,,dariusk/corpora occupations
Materials Scientist,,dariusk/corpora occupations
Mathematical Science Teacher,,dariusk/corpora occupations
Mathematical Technician,,dariusk/corpora occupations
Mathematician,,dariusk/corpora occupations
Maxillofacial Surgeon,,dariusk/corpora occupations
Measurer,,dariusk/corpora occupations
Meat Cutter,,dariusk/corpora occupations
Meat Packer,,dariusk/corpora occupations
Meat Trimmer,,dariusk/corpora occupations
Mechanical Door Repairer,,dariusk/corpora occupations
Mechanical Drafter,,dariusk/corpora occupations
Mechanical Engineer,,dariusk/corpora occupations
Mechanical Engineering Technician,,dariusk/corpora occupations
Mediator,,dariusk/corpora occupations
Medical Appliance Technician,,dariusk/corpora occupations
Medical Assistant,,dariusk/corpora occupations
Medical Equipment Preparer,,dariusk/corpora occupations
Medical Equipment Repairer,,dariusk/corpora occupations
Medical Laboratory Technician,,dariusk/corpora occupations
Medical Laboratory Technologist,,dariusk/corpora occupations
Medical Records Technician,,dariusk/corpora occupations
Medical Scientist,,dariusk/corpora occupations
Medical Secretary,,dariusk/corpora occupations
Medical Services Manager,,dariusk/corpora occupations
Medical Transcriptionist,,dariusk/corpora occupations
Meeting Planner,,dariusk/corpora occupations
Mental Health Counselor,,dariusk/corpora occupations
Mental Health Social Worker,,dariusk/corpora occupations
Merchandise Displayer,,dariusk/corpora occupations
Messenger,,dariusk/corpora occupations
Metal Caster,,dariusk/corpora occupations
Metal Patternmaker,,dariusk/corpora occupations
Metal Pickling Operator,,dariusk/corpora occupations
Metal Pourer,,dariusk/corpora occupations
Metal Worker,,dariusk/corpora occupations
Metal-Refining Furnace Operator,,dariusk/corpora occupations
Metal-Refining Furnace Tender,,dariusk/corpora occupations
Meter Reader,,dariusk/corpora occupations
Microbiologist,,dariusk/corpora occupations
Middle School Teacher,,dariusk/corpora occupations
Milling Machine Setter,,dariusk/corpora occupations
Millwright,,dariusk/corpora occupations
Mine Cutting Machine Operator,,dariusk/corpora occupations
Mine Shuttle Car Operator,,dariusk/corpora occupations
Mining Engineer,,dariusk/corpora occupations
Mining Safety Engineer,,dariusk/corpora occupations
Mining Safety Inspector,,dariusk/corpora occupations
Mining Service Unit Operator,,dariusk/corpora occupations
Mixing Machine Setter,,dariusk/corpora occupations
Mobile Heavy Equipment Mechanic,,dariusk/corpora occupations
Mobile Home Installer,,dariusk/corpora occupations
Model Maker,,dariusk/corpora occupations
Model,,dariusk/corpora occupations
Molder,,dariusk/corpora occupations
Mortician,,dariusk/corpora occupations
Motel Desk Clerk,,dariusk/corpora occupations
Motion Picture Projectionist,,dariusk/corpora occupations
Motorboat Mechanic,,dariusk/corpora occupations
Motorboat Operator,,dariusk/corpora occupations
Motorboat Service Technician,,dariusk/corpora occupations
Motorcycle Mechanic,,dariusk/corpora occupations
Movers,,dariusk/corpora occupations
Multimedia Artist,,dariusk/corpora occupations
Museum Technician,,dariusk/corpora occupations
Music Director,,dariusk/corpora occupations
Music Teacher,,dariusk/corpora occupations
Musical Instrument Repairer,,dariusk/corpora occupations
Musician,,dariusk/corpora occupations
Natural Sciences Manager,,dariusk/corpora occupations
Naval Architect,,dariusk/corpora occupations
Network Systems Administrator,,dariusk/corpora occupations
New Accounts Clerk,,dariusk/corpora occupations
News Vendor,,dariusk/corpora occupations
Nonfarm Animal Caretaker,,dariusk/corpora occupations
Nuclear Engineer,,dariusk/corpora occupations
Nuclear Medicine Technologist,,dariusk/corpora occupations
Nuclear Power Reactor Operator,,dariusk/corpora occupations
Nuclear Technician,,dariusk/corpora occupations
Nursing Aide,,dariusk/corpora occupations
Nursing Instructor,,dariusk/corpora occupations
Nursing Teacher,,dariusk/corpora occupations
Nutritionist,,dariusk/corpora occupations
Obstetrician,,dariusk/corpora occupations
Occupational Health And Safety Specialist,,dariusk/corpora occupations
Occupational Health And Safety Technician,,dariusk/corpora occupations
Occupational Therapist,,dariusk/corpora occupations
Occupational Therapy Aide,,dariusk/corpora occupations
Occupational Therapy Assistant,,dariusk/corpora occupations
Offbearer,,dariusk/corpora occupations
Office Clerk,,dariusk/corpora occupations
Office Machine Operator,,dariusk/corpora occupations
Operating Engineer,,dariusk/corpora occupations
Operations Manager,,dariusk/corpora occupations
Operations Research Analyst,,dariusk/corpora occupations
Ophthalmic Laboratory Technician,,dariusk/corpora occupations
Optician,,dariusk/corpora occupations
Optometrist,,dariusk/corpora occupations
Oral Surgeon,,dariusk/corpora occupations
Order Clerk,,dariusk/corpora occupations
Order Filler,,dariusk/corpora occupations
Orderly,,dariusk/corpora occupations
Ordnance Handling Expert,,dariusk/corpora occupations
Orthodontist,,dariusk/corpora occupations
Orthotist,,dariusk/corpora occupations
Outdoor Power Equipment Mechanic,,dariusk/corpora occupations
Oven Operator,,dariusk/corpora occupations
Packaging Machine Operator,,dariusk/corpora occupations
Painter,,dariusk/corpora occupations
Painting Worker,,dariusk/corpora occupations
Paper Goods Machine Setter,,dariusk/corpora occupations
Paperhanger,,dariusk/corpora occupations
Paralegal,,dariusk/corpora occupations
Paramedic,,dariusk/corpora occupations
Parking Enforcement Worker,,dariusk/corpora occupations
Parking Lot Attendant,,dariusk/corpora occupations
Parts Salesperson,,dariusk/corpora occupations
Paving Equipment Operator,,dariusk/corpora occupations
Payroll Clerk,,dariusk/corpora occupations
Pediatrician,,dariusk/corpora occupations
Pedicurist,,dariusk/corpora occupations
Personal Care Aide,,dariusk/corpora occupations
Personal Chef,,dariusk/corpora occupations
Personal Financial Advisor,,dariusk/corpora occupations
Personal Trainer,,dariusk/corpora occupations
Pest Control Worker,,dariusk/corpora occupations
Pesticide Applicator,,dariusk/corpora occupations
Pesticide Handler,,dariusk/corpora occupations
Pesticide Sprayer,,dariusk/corpora occupations
Petroleum Engineer,,dariusk/corpora occupations
Petroleum Gauger,,dariusk/corpora occupations
Petroleum Pump System Operator,,dariusk/corpora occupations
Petroleum Refinery Operator,,dariusk/corpora occupations
Petroleum Technician,,dariusk/corpora occupations
Pharmacist,,dariusk/corpora occupations
Pharmacy Aide,,dariusk/corpora occupations
Pharmacy Technician,,dariusk/corpora occupations
Philosophy Teacher,,dariusk/corpora occupations
Photogrammetrist,,dariusk/corpora occupations
Photographer,,dariusk/corpora occupations
Photographic Process Worker,,dariusk/corpora occupations
Photographic Processing Machine Operator,,dariusk/corpora occupations
Physical Therapist Aide,,dariusk/corpora occupations
Physical Therapist Assistant,,dariusk/corpora occupations
Physical Therapist,,dariusk/corpora occupations
Physician Assistant,,dariusk/corpora occupations
Physician,,dariusk/corpora occupations
Physicist,,dariusk/corpora occupations
Physics Teacher,,dariusk/corpora occupations
Pile-Driver Operator,,dariusk/corpora occupations
Pipefitter,,dariusk/corpora occupations
Pipelayer,,dariusk/corpora occupations
Planing Machine Operator,,dariusk/corpora occupations
Planning Clerk,,dariusk/corpora occupations
Plant Operator,,dariusk/corpora occupations
Plant Scientist,,dariusk/corpora occupations
Plasterer,,dariusk/corpora occupations
Plastic Patternmaker,,dariusk/corpora occupations
Plastic Worker,,dariusk/corpora occupations
Plumber,,dariusk/corpora occupations
Podiatrist,,dariusk/corpora occupations
Police Dispatcher,,dariusk/corpora occupations
Police Officer,,dariusk/corpora occupations
Policy Processing Clerk,,dariusk/corpora occupations
Political Science Teacher,,dariusk/corpora occupations
Political Scientist,,dariusk/corpora occupations
Postal Service Clerk,,dariusk/corpora occupations
Postal Service Mail Carrier,,dariusk/corpora occupations
Postal Service Mail Processing Machine Operator,,dariusk/corpora occupations
Postal Service Mail Processor,,dariusk/corpora occupations
Postal Service Mail Sorter,,dariusk/corpora occupations
Postmaster,,dariusk/corpora occupations
Postsecondary Teacher,,dariusk/corpora occupations
Poultry Cutter,,dariusk/corpora occupations
Poultry Trimmer,,dariusk/corpora occupations
Power Dispatcher,,dariusk/corpora occupations
Power Distributor,,dariusk/corpora occupations
Power Plant Operator,,dariusk/corpora occupations
Power Tool Repairer,,dariusk/corpora occupations
Precious Stone Worker,,dariusk/corpora occupations
Precision Instrument Repairer,,dariusk/corpora occupations
Prepress Technician,,dariusk/corpora occupations
Preschool Teacher,,dariusk/corpora occupations
Priest,,dariusk/corpora occupations
Print Binding Worker,,dariusk/corpora occupations
Printing Press Operator,,dariusk/corpora occupations
Private Detective,,dariusk/corpora occupations
Probation Officer,,dariusk/corpora occupations
Procurement Clerk,,dariusk/corpora occupations
Producer,,dariusk/corpora occupations
Product Promoter,,dariusk/corpora occupations
Product Manager,,dariusk/corpora occupations
Production Clerk,,dariusk/corpora occupations
Production Occupation,,dariusk/corpora occupations
Proofreader,,dariusk/corpora occupations
Property Manager,,dariusk/corpora occupations
Prosthetist,,dariusk/corpora occupations
Prosthodontist,,dariusk/corpora occupations
Psychiatric Aide,,dariusk/corpora occupations
Psychiatric Technician,,dariusk/corpora occupations
Psychiatrist,,dariusk/corpora occupations
Psychologist,,dariusk/corpora occupations
Psychology Teacher,,dariusk/corpora occupations
Public Relations Manager,,dariusk/corpora occupations
Public Relations Specialist,,dariusk/corpora occupations
Pump Operator,,dariusk/corpora occupations
Purchasing Agent,,dariusk/corpora occupations
Purchasing Manager,,dariusk/corpora occupations
Radiation Therapist,,dariusk/corpora occupations
Radio Announcer,,dariusk/corpora occupations
Radio Equipment Installer,,dariusk/corpora occupations
Radio Operator,,dariusk/corpora occupations
Radiologic Technician,,dariusk/corpora occupations
Radiologic Technologist,,dariusk/corpora occupations
Rail Car Repairer,,dariusk/corpora occupations
Rail Transportation Worker,,dariusk/corpora occupations
Rail Yard Engineer,,dariusk/corpora occupations
Rail-Track Laying Equipment Operator,,dariusk/corpora occupations
Railroad Brake Operator,,dariusk/corpora occupations
Railroad Conductor,,dariusk/corpora occupations
Railroad Police,,dariusk/corpora occupations
Rancher,,dariusk/corpora occupations
Real Estate Appraiser,,dariusk/corpora occupations
Real Estate Broker,,dariusk/corpora occupations
Real Estate Manager,,dariusk/corpora occupations
Real Estate Sales Agent,,dariusk/corpora occupations
Receiving Clerk,,dariusk/corpora occupations
Receptionist,,dariusk/corpora occupations
Record Clerk,,dariusk/corpora occupations
Recreation Teacher,,dariusk/corpora occupations
Recreation Worker,,dariusk/corpora occupations
Recreational Therapist,,dariusk/corpora occupations
Recreational Vehicle Service Technician,,dariusk/corpora occupations
Recyclable Material Collector,,dariusk/corpora occupations
Referee,,dariusk/corpora occupations
Refractory Materials Repairer,,dariusk/corpora occupations
Refrigeration Installer,,dariusk/corpora occupations
Refrigeration Mechanic,,dariusk/corpora occupations
Refuse Collector,,dariusk/corpora occupations
Regional Planner,,dariusk/corpora occupations
Registered Nurse,,dariusk/corpora occupations
Rehabilitation Counselor,,dariusk/corpora occupations
Reinforcing Iron Worker,,dariusk/corpora occupations
Reinforcing Rebar Worker,,dariusk/corpora occupations
Religion Teacher,,dariusk/corpora occupations
Religious Activities Director,,dariusk/corpora occupations
Religious Worker,,dariusk/corpora occupations
Rental Clerk,,dariusk/corpora occupations
Repair Worker,,dariusk/corpora occupations
Reporter,,dariusk/corpora occupations
Residential Advisor,,dariusk/corpora occupations
Resort Desk Clerk,,dariusk/corpora occupations
Respiratory Therapist,,dariusk/corpora occupations
Respiratory Therapy Technician,,dariusk/corpora occupations
Retail Buyer,,dariusk/corpora occupations
Retail Salesperson,,dariusk/corpora occupations
Revenue Agent,,dariusk/corpora occupations
Rigger,,dariusk/corpora occupations
Rock Splitter,,dariusk/corpora occupations
Rolling Machine Tender,,dariusk/corpora occupations
Roof Bolter,,dariusk/corpora occupations
Roofer,,dariusk/corpora occupations
Rotary Drill Operator,,dariusk/corpora occupations
Roustabout,,dariusk/corpora occupations
Safe Repairer,,dariusk/corpora occupations
Sailor,,dariusk/corpora occupations
Sales Engineer,,dariusk/corpora occupations
Sales Manager,,dariusk/corpora occupations
Sales Representative,,dariusk/corpora occupations
Sampler,,dariusk/corpora occupations
Sawing Machine Operator,,dariusk/corpora occupations
Scaler,,dariusk/corpora occupations
School Bus Driver,,dariusk/corpora occupations
School Psychologist,,dariusk/corpora occupations
School Social Worker,,dariusk/corpora occupations
Scout Leader,,dariusk/corpora occupations
Sculptor,,dariusk/corpora occupations
Secondary Education Teacher,,dariusk/corpora occupations
Secondary School Teacher,,dariusk/corpora occupations
Secretary,,dariusk/corpora occupations
Securities Sales Agent,,dariusk/corpora occupations
Security Guard,,dariusk/corpora occupations
Security System Installer,,dariusk/corpora occupations
Segmental Paver,,dariusk/corpora occupations
Self-Enrichment Education Teacher,,dariusk/corpora occupations
Semiconductor Processor,,dariusk/corpora occupations
Septic Tank Servicer,,dariusk/corpora occupations
Set Designer,,dariusk/corpora occupations
Sewer Pipe Cleaner,,dariusk/corpora occupations
Sewing Machine Operator,,dariusk/corpora occupations
Shampooer,,dariusk/corpora occupations
Shaper,,dariusk/corpora occupations
Sheet Metal Worker,,dariusk/corpora occupations
Sheriff'S Patrol Officer,,dariusk/corpora occupations
Ship Captain,,dariusk/corpora occupations
Ship Engineer,,dariusk/corpora occupations
Ship Loader,,dariusk/corpora occupations
Shipmate,,dariusk/corpora occupations
Shipping Clerk,,dariusk/corpora occupations
Shoe Machine Operator,,dariusk/corpora occupations
Shoe Worker,,dariusk/corpora occupations
Short Order Cook,,dariusk/corpora occupations
Signal Operator,,dariusk/corpora occupations
Signal Repairer,,dariusk/corpora occupations
Singer,,dariusk/corpora occupations
Ski Patrol,,dariusk/corpora occupations
Skincare Specialist,,dariusk/corpora occupations
Slaughterer,,dariusk/corpora occupations
Slicing Machine Tender,,dariusk/corpora occupations
Slot Supervisor,,dariusk/corpora occupations
Social Science Research Assistant,,dariusk/corpora occupations
Social Sciences Teacher,,dariusk/corpora occupations
Social Scientist,,dariusk/corpora occupations
Social Service Assistant,,dariusk/corpora occupations
Social Service Manager,,dariusk/corpora occupations
Social Work Teacher,,dariusk/corpora occupations
Social Worker,,dariusk/corpora occupations
Sociologist,,dariusk/corpora occupations
Sociology Teacher,,dariusk/corpora occupations
Software Developer,,dariusk/corpora occupations
Software Engineer,,dariusk/corpora occupations
Soil Scientist,,dariusk/corpora occupations
Solderer,,dariusk/corpora occupations
Sorter,,dariusk/corpora occupations
Sound Engineering Technician,,dariusk/corpora occupations
Space Scientist,,dariusk/corpora occupations
Special Education Teacher,,dariusk/corpora occupations
Speech-Language Pathologist,,dariusk/corpora occupations
Sports Book Runner,,dariusk/corpora occupations
Sports Entertainer,,dariusk/corpora occupations
Sports Performer,,dariusk/corpora occupations
Stationary Engineer,,dariusk/corpora occupations
Statistical Assistant,,dariusk/corpora occupations
Statistician,,dariusk/corpora occupations
Steamfitter,,dariusk/corpora occupations
Stock Clerk,,dariusk/corpora occupations
Stock Mover,,dariusk/corpora occupations
Stonemason,,dariusk/corpora occupations
Street Vendor,,dariusk/corpora occupations
Streetcar Operator,,dariusk/corpora occupations
Structural Iron Worker,,dariusk/corpora occupations
Structural Metal Fabricator,,dariusk/corpora occupations
Structural Metal Fitter,,dariusk/corpora occupations
Structural Steel Worker,,dariusk/corpora occupations
Stucco Mason,,dariusk/corpora occupations
Substance Abuse Counselor,,dariusk/corpora occupations
Substance Abuse Social Worker,,dariusk/corpora occupations
Subway Operator,,dariusk/corpora occupations
Surfacing Equipment Operator,,dariusk/corpora occupations
Surgeon,,dariusk/corpora occupations
Surgical Technologist,,dariusk/corpora occupations
Survey Researcher,,dariusk/corpora occupations
Surveying Technician,,dariusk/corpora occupations
Surveyor,,dariusk/corpora occupations
Switch Operator,,dariusk/corpora occupations
Switchboard Operator,,dariusk/corpora occupations
Tailor,,dariusk/corpora occupations
Tamping Equipment Operator,,dariusk/corpora occupations
Tank Car Loader,,dariusk/corpora occupations
Taper,,dariusk/corpora occupations
Tax Collector,,dariusk/corpora occupations
Tax Examiner,,dariusk/corpora occupations
Tax Preparer,,dariusk/corpora occupations
Taxi Driver,,dariusk/corpora occupations
Teacher Assistant,,dariusk/corpora occupations
Teacher,,dariusk/corpora occupations
Team Assembler,,dariusk/corpora occupations
Technical Writer,,dariusk/corpora occupations
Telecommunications Equipment Installer,,dariusk/corpora occupations
Telemarketer,,dariusk/corpora occupations
Telephone Operator,,dariusk/corpora occupations
Television Announcer,,dariusk/corpora occupations
Teller,,dariusk/corpora occupations
Terrazzo Finisher,,dariusk/corpora occupations
Terrazzo Worker,,dariusk/corpora occupations
Tester,,dariusk/corpora occupations
Textile Bleaching Operator,,dariusk/corpora occupations
Textile Cutting Machine Setter,,dariusk/corpora occupations
Textile Knitting Machine Setter,,dariusk/corpora occupations
Textile Presser,,dariusk/corpora occupations
Textile Worker,,dariusk/corpora occupations
Therapist,,dariusk/corpora occupations
Ticket Agent,,dariusk/corpora occupations
Ticket Taker,,dariusk/corpora occupations
Tile Setter,,dariusk/corpora occupations
Timekeeping Clerk,,dariusk/corpora occupations
Timing Device Assembler,,dariusk/corpora occupations
Tire Builder,,dariusk/corpora occupations
Tire Changer,,dariusk/corpora occupations
Tire Repairer,,dariusk/corpora occupations
Title Abstractor,,dariusk/corpora occupations
Title Examiner,,dariusk/corpora occupations
Title Searcher,,dariusk/corpora occupations
Tobacco Roasting Machine Operator,,dariusk/corpora occupations
Tool Filer,,dariusk/corpora occupations
Tool Grinder,,dariusk/corpora occupations
Tool Maker,,dariusk/corpora occupations
Tool Sharpener,,dariusk/corpora occupations
Tour Guide,,dariusk/corpora occupations
Tower Equipment Installer,,dariusk/corpora occupations
Tower Operator,,dariusk/corpora occupations
Track Switch Repairer,,dariusk/corpora occupations
Tractor Operator,,dariusk/corpora occupations
Tractor-Trailer Truck Driver,,dariusk/corpora occupations
Traffic Clerk,,dariusk/corpora occupations
Traffic Technician,,dariusk/corpora occupations
Training And Development Manager,,dariusk/corpora occupations
Training And Development Specialist,,dariusk/corpora occupations
Transit Police,,dariusk/corpora occupations
Translator,,dariusk/corpora occupations
Transportation Equipment Painter,,dariusk/corpora occupations
Transportation Inspector,,dariusk/corpora occupations
Transportation Security Screener,,dariusk/corpora occupations
Transportation Worker,,dariusk/corpora occupations
Trapper,,dariusk/corpora occupations
Travel Agent,,dariusk/corpora occupations
Travel Clerk,,dariusk/corpora occupations
Travel Guide,,dariusk/corpora occupations
Tree Pruner,,dariusk/corpora occupations
Tree Trimmer,,dariusk/corpora occupations
Trimmer,,dariusk/corpora occupations
Truck Loader,,dariusk/corpora occupations
Truck Mechanic,,dariusk/corpora occupations
Tuner,,dariusk/corpora occupations
Turning Machine Tool Operator,,dariusk/corpora occupations
Tutor,,dariusk/corpora occupations
Typist,,dariusk/corpora occupations
Umpire,,dariusk/corpora occupations
Undertaker,,dariusk/corpora occupations
Upholsterer,,dariusk/corpora occupations
Urban Planner,,dariusk/corpora occupations
Usher,,dariusk/corpora occupations
Ux Designer,,dariusk/corpora occupations
Valve Installer,,dariusk/corpora occupations
Vending Machine Servicer,,dariusk/corpora occupations
Veterinarian,,dariusk/corpora occupations
Veterinary Assistant,,dariusk/corpora occupations
Veterinary Technician,,dariusk/corpora occupations
Vocational Counselor,,dariusk/corpora occupations
Vocational Education Teacher,,dariusk/corpora occupations
Waiter,,dariusk/corpora occupations
Waitress,,dariusk/corpora occupations
Watch Repairer,,dariusk/corpora occupations
Water Treatment Plant Operator,,dariusk/corpora occupations
Weaving Machine Setter,,dariusk/corpora occupations
Web Developer,,dariusk/corpora occupations
Weigher,,dariusk/corpora occupations
Welder,,dariusk/corpora occupations
Wellhead Pumper,,dariusk/corpora occupations
Wholesale Buyer,,dariusk/corpora occupations
Wildlife Biologist,,dariusk/corpora occupations
Window Trimmer,,dariusk/corpora occupations
Wood Patternmaker,,dariusk/corpora occupations
Woodworker,,dariusk/corpora occupations
Word Processor,,dariusk/corpora occupations
Writer,,dariusk/corpora occupations
Yardmaster,,dariusk/corpora occupations
Zoologist,,dariusk/corpora occupations
